渡辺親美,渡辺柚子,watanabe@gmail.com,watanabe,,,
伊藤親美,伊藤梅子,ito@gmail.com,itoito,,,
田中親美,田中桜子,tanaka@gmail.com,tanakatanaka,,,
高橋親美,高橋桃子,takahashi@gmailcom,takahashi,,,
鈴木親美,鈴木薔薇子,suzuki@gmail.com,suzukisuzuki,,,
佐藤親美,佐藤花子,sato@gmail.com,satosato,,,
Teacher1,Teacher1,teacher1@gmail.com,teacher1,,,
Teacher2,Teacher2,teacher2@gmail.com,teacher2,,,
Teacher3,Teacher3,teacher3@gmail.com,teacher3,,,
Teacher4,Teacher4,teacher4@gmail.com,teacher4,,,
Teacher5,Teacher5,teacher5@gmail.com,teacher5,,,
Teacher6,Teacher6,teacher6@gmail.com,teacher6,,,
parent2,child2,parent2@gmail.com,parent2,,,
parent3,child3,parent3@gmail.com,parent3,,,
parent4,child4,parent4@gmail.com,parent4,,,
parent5,child5,parent5@gmail.com,parent5,,,
parent6,child6,parent6@gmail.com,parent6,,,